Index,Dose,Measure,Time
4.749605199222546, 353, 0.0
9.765852769679299, 865, 0.0
14.067662779397473, 1382, 0.0
18.584942905733723, 1568, 0.0