Index,Dose,Measure,Time
0, 1.7591411564625847, 551, 0.0
1, 3.4505587949465495, 1085, 0.0
2, 5.104318513119533, 1828, 0.0
3, 6.9330053449951405, 2291, 0.0