Index,Dose,Measure,Time
0, 4.977495103896649, 205, 0.0
1, 9.988814360376113, 410, 0.0
3, 15.000362674322275, 615, 0.0
4, 20.046193255784654, 820, 0.0