Index,Dose,Measure,Time
0, 0.09823538084775083, 0.8316221765913756, 10.0
1, 0.499919087159312, 4.084188911704311, 10.0
2, 1.001564314919968, 8.039014373716633, 10.0
