Index,Dose,Measure,Time
0, 0.230, 0.009662162162162162, 120
1, 0.230, 0.017297297297297298, 120
2, 0.230, 0.013445945945945946, 1440
3, 0.230, 0.026418918918918923, 1440
